pos,A,C,G,T
1,0.0720100946673119,-0.11335262507876243,-0.24728338541988615,0.2886259158313367
2,0.08686672358472913,-0.15061201716559802,-0.20283658938387283,0.2665818829647417
3,-0.270869687342965,-0.36961201735996774,0.4095359556105782,0.23094574909235455
4,-0.3200317852660781,0.29006907147062355,-0.7788579810243603,0.8088206948198149
5,0.0,0.0,0.0,0.0
6,0.0,0.0,0.0,0.0
7,0.34405385962942825,-0.5966824892714158,-0.6852262257582669,0.9378548554002535
8,-0.352858246983228,0.27224340589200624,0.09091693007901647,-0.01030208898779339
9,0.2898399488679222,-0.2622655171237267,0.17296285596807648,-0.20053728771227242
10,0.4827607063104913,-0.15979674957028367,-0.23817878817416105,-0.08478516856604701
