sample,replicate,efficiency
none,rep1,1.0
none,rep2,1.0
none,rep3,1.0
Rpp,rep1,0.910392511214184
Rpp,rep2,0.9228861341020136
Rpp,rep3,0.9874798897346841
PNK,rep1,0.7551471954660783
PNK,rep2,0.7510111667825512
PNK,rep3,0.7532367673347355
both,rep1,0.911045042740364
both,rep2,0.8964607400731368
both,rep3,0.922205870298479
