,-1 shift,+0 shift,other shifts,residual
rep1,78.30500126168926,21.338728580476282,0.35627015783445926,2.4589413125359676
rep2,74.20952030843728,25.42481617905586,0.3656635125068593,1.4540413644113506
rep3,83.73005833953773,15.807355078144555,0.46258658231770655,1.9466835659474855
mean,78.74819330322141,20.856966612558896,0.3948400842196751,1.9532220809649345
std,4.775717274888206,4.826796085622868,0.058857877819458594,0.502481880836702
